,Unnamed: 0.5,Unnamed: 0.4,Unnamed: 0.3,Unnamed: 0.2,Unnamed: 0.1,Unnamed: 0,Number,Arabic,Romanized Arabic,English
0,0,0,0,0,0,0,1,كما,kama,as
1,1,1,1,1,1,1,2,أنا,ana,I
2,2,2,2,2,2,2,3,له,lahu,his
3,3,3,3,3,3,3,4,أن,an,that
4,4,4,4,4,4,4,5,هو,huwa,he
5,5,5,5,5,5,5,6,كان,kana,was
6,6,6,6,6,6,6,7,إلى,ila,for / to
7,7,8,8,8,8,8,9,هي,hiya,are / she
8,8,9,9,9,9,9,10,مع,ma‘a,with
9,9,11,11,11,11,11,12,يكون,yakūn,be
10,10,13,13,13,13,13,14,واحد,wāḥid,one
11,11,14,14,14,14,14,15,ديك,deyk,have
12,12,15,15,15,15,15,16,هذا,hādhā,this
13,13,16,16,16,16,16,17,من,min,from
14,14,17,17,17,17,17,18,بواسطة,biwāsiṭa,by
15,15,18,18,18,18,18,19,حار,ḥār,hot
16,16,19,19,19,19,19,20,كلمة,kalima,word
17,17,20,20,20,20,20,21,لكن,lākin,but
18,18,21,21,21,21,21,22,ما,mā,what
19,19,22,22,22,22,22,23,بعض,ba‘ḍ,some
20,20,23,23,23,23,23,24,هو,huwa,is
21,21,24,24,24,24,24,25,هو,huwa,it
22,22,25,25,25,25,25,26,أنت,anta / anti,you (m/f)
23,23,27,27,27,27,27,28,كان,kāna,had
24,24,29,29,29,29,29,30,من,min,of
25,25,30,30,30,30,30,31,إلى,ilā,to
26,26,34,34,34,34,34,35,نحن,naḥnu,we
27,27,35,35,35,35,35,36,علبة,ʿulba,can (container)
28,28,36,36,36,36,36,37,خارج,khārij,out
29,29,37,37,37,37,37,38,البعض,al-ba‘ḍ,other / some
30,30,39,39,39,39,39,40,التي,allatī,which
31,31,40,40,40,40,40,41,القيام,al-qiyām,"do (noun form, “doing”)"
32,32,41,41,41,41,41,42,من,min,their
33,33,42,43,43,43,43,44,إذا,idhā,if
34,34,43,44,44,44,44,45,سوف,sawfa,will
35,35,44,45,45,45,45,46,كيف,kayfa,how
36,36,45,46,46,46,46,47,قال,qāla,said
37,37,47,48,48,48,48,49,كل,kull,each
38,38,48,49,49,49,49,50,أقول,aqūl,tell / say
39,39,49,50,50,50,50,51,لا,lā,no / not / does not
40,40,50,51,51,51,51,52,مجموعة,majmū‘a,set / group
41,41,51,52,52,52,52,53,ثلاثة,thalātha,three
42,42,52,53,53,53,53,54,تريد,turīd,want
43,43,53,54,54,54,54,55,هواء,hawā’,air
44,44,54,55,55,55,55,56,جيد,jayyid,good / well
45,45,55,56,56,56,56,57,أيضا,ayḍan,also
46,46,56,57,57,57,57,58,لعب,la‘iba,play
47,47,57,58,58,58,58,59,صغير,ṣaghīr,small
48,48,58,59,59,59,59,60,نهاية,nihāya,end
49,49,59,60,60,60,60,61,وضع,waḍa‘a,put / place
50,50,60,61,61,61,61,62,المنزل,al-manzil,home / house
51,51,61,62,62,62,62,63,قرأ,qara’a,read
52,52,62,63,63,63,63,64,يد,yad,hand
53,53,63,64,64,64,64,65,ميناء,mīnā’,port / harbor
54,54,65,66,66,66,66,67,تهجى,tahajjā,spell
55,55,66,67,67,67,67,68,إضافة,iḍāfa,add / addition
56,56,67,68,68,68,68,69,حتى,ḥattā,even / until
57,57,68,69,69,69,69,70,الأرض,al-arḍ,land / the earth
58,58,69,70,70,70,70,71,هنا,hunā,here
59,59,70,71,71,71,71,72,يجب,yajibu,must / should
60,60,72,73,73,73,73,74,ارتفاع,irtifā‘,high / height
61,61,73,74,74,74,74,75,مثل,mithl,such / like
62,62,74,75,75,75,75,76,تابع,tāba‘a,follow
63,63,75,76,76,76,76,77,فعل,fa‘ala,do / act
64,64,76,77,77,77,77,78,لماذا,limādhā,why
65,65,77,78,78,78,78,79,تطلب,taṭlub,ask / request
66,66,78,79,79,79,79,80,الرجال,al-rijāl,men
67,67,79,80,80,80,80,81,تغيير,taghyīr,change
68,68,81,82,82,82,82,83,ضوء,ḍaw’,light
69,69,82,83,83,83,83,84,نوع,naw‘,kind / type
70,70,83,84,84,84,84,85,بعيدا,ba‘īdan,off / far
71,71,84,85,85,85,85,86,تحتاج,taḥtāj,need
72,72,85,86,86,86,86,87,منزل,manzil,house
73,73,86,87,87,87,87,88,صور,ṣuwar,pictures / images
74,74,87,88,88,88,88,89,محاولة,muḥāwala,try / attempt
75,75,88,89,89,89,89,90,لنا,lanā,us / for us
76,76,90,91,91,91,91,92,الحيوان,al-ḥayawān,animal
77,77,91,92,92,92,92,93,نقطة,nuqṭa,point / dot
78,78,92,93,93,93,93,94,أم,umm,mother
79,79,93,94,94,94,94,95,العالم,al-‘ālam,world
80,80,94,95,95,95,95,96,قرب,qurb,near / close
81,81,95,96,96,96,96,97,بناء,binā’,build / building
82,82,96,97,97,97,97,98,النفس,al-nafs,self
83,83,97,98,98,98,98,99,أرض,arḍ,earth / ground
84,84,98,99,99,99,99,100,الأب,al-ab,father
85,85,100,101,101,101,101,102,جديدة,jadīda,new
86,86,102,103,103,103,103,104,جزء,juz’,part
87,87,103,104,104,104,104,105,أخذ,akhadh,take
88,88,104,105,105,105,105,106,الحصول على,al-ḥuṣūl ‘alā,get / obtain
89,89,105,106,106,106,106,107,مكان,makān,place
90,90,106,107,107,107,107,108,مصنوع,maṣnū‘,made
91,91,107,108,108,108,108,109,حي,ḥayy,live / alive / neighborhood
92,92,108,109,109,109,109,110,حيث,ḥaythu,where
93,93,109,110,110,110,110,111,بعد,ba‘d,after
94,94,110,111,111,111,111,112,ظهر,ẓahr,back
95,95,111,113,113,113,113,114,فقط,faqaṭ,only
96,96,113,115,115,115,115,116,رجل,rajul,man
97,97,114,116,116,116,116,117,عام,‘ām,year
98,98,115,117,117,117,117,118,جاء,jā’a,came
99,99,116,118,118,118,118,119,المعرض,al-ma‘raḍ,show / exhibition
100,100,117,119,119,119,119,120,كل,kull,every / all
101,101,118,120,120,120,120,121,جيد,jayyid,good
102,102,119,121,121,121,121,122,أنا,ana,me
103,103,120,122,122,122,122,123,منح,manaḥa,give / grant
104,104,121,123,123,123,123,124,لدينا,ladaynā,our / we have
105,105,122,124,124,124,124,125,تحت,taḥt,under
106,106,123,125,125,125,125,126,اسم,ism,name
107,107,124,126,126,126,126,127,جدا,jiddan,very
108,108,125,127,127,127,127,128,من خلال,min khilāl,through
109,109,126,128,128,128,128,129,فقط,faqaṭ,just / only
110,110,127,129,129,129,129,130,شكل,shakl,form / shape
111,111,128,130,130,130,130,131,عقوبة,‘uqūba,sentence / punishment
112,112,129,132,132,132,132,133,اعتقد,i‘taqad,think / believe
113,113,130,133,133,133,133,134,قول,qawl,say / statement
114,114,131,134,134,134,134,135,مساعدة,musā‘ada,help
115,115,132,135,135,135,135,136,منخفض,munkhafiḍ,low
116,116,133,136,136,136,136,137,خط,khaṭṭ,line
117,117,134,137,137,137,137,138,اختلف,ikhtalafa,differ
118,118,135,138,138,138,138,139,منعطف,muna‘ṭaf,turn / bend
119,119,136,139,139,139,139,140,السبب,al-sabab,cause / reason
120,120,137,140,140,140,140,141,كثيرا,kathīran,much / a lot
121,121,138,141,141,141,141,142,متوسط,mutawassiṭ,mean / average
122,122,139,142,142,142,142,143,قبل,qabla,before
123,123,140,143,143,143,143,144,خطوة,khuṭwa,move / step
124,124,141,144,144,144,144,145,الحق,al-ḥaqq,right / truth
125,125,142,145,145,145,145,146,صبي,ṣabī,boy
126,126,143,146,146,146,146,147,قديم,qadīm,old
127,127,144,147,147,147,147,148,أيضا,ayḍan,too / also
128,128,145,148,148,148,148,149,نفسه,nafsahu,same / himself
129,129,146,149,149,149,149,150,هي,hiya,she
130,130,147,150,150,150,150,151,كل,kull,all
131,131,148,151,151,151,151,152,هناك,hunāk,there
132,132,149,152,152,152,152,153,عندما,‘indamā,when
133,133,150,153,153,153,153,154,فوق,fawq,up / above
134,134,151,154,154,154,154,155,استخدام,istiqdām / isti‘māl,use
135,135,152,155,155,155,155,156,ك,ka / ki,your (as prefix or particle)
136,136,153,156,156,156,156,157,طريق,ṭarīq,way / road
137,137,154,157,157,157,157,158,حول,ḥawl,about / around
138,138,155,158,158,158,158,159,كثير,kathīr,many / much
139,139,156,159,159,159,159,160,ثم,thumma,then
140,140,158,161,161,161,161,162,إرسال,irsāl,send / writing
141,141,159,162,162,162,162,163,أراد,arāda,would / wanted
142,142,160,163,163,163,163,164,مثل,mithl,like
143,143,161,164,164,164,164,165,هكذا,hakadhā,so / thus
144,144,162,165,165,165,165,166,هؤلاء,hā’ulā’,these
145,145,163,166,166,166,166,167,لها,lahā,her
146,146,164,167,167,167,167,168,طويل,ṭawīl,long / tall
147,147,165,168,168,168,168,169,جعل,ja‘ala,make
148,148,166,169,169,169,169,170,شيء,shay’,thing
149,150,168,171,171,171,171,172,له,lahu,him / his
150,151,169,172,172,172,172,173,اثنين,ithnayn,two
151,152,170,173,173,173,173,174,لديه,ladayhi,has
152,153,172,175,175,175,175,176,أكثر,akthar,more
153,154,173,176,176,176,176,177,يوم,yawm,day
154,155,174,177,177,177,177,178,يمكن,yumkin,could / can
155,156,175,178,178,178,178,179,تذهب,tadhhab,go
156,157,176,179,179,179,179,180,جاء,jā’a,come
157,158,177,180,180,180,180,181,لم,lam,did not
158,159,178,181,181,181,181,182,عدد,‘adad,number
159,160,179,182,182,182,182,183,صوت,ṣawt,sound / voice
160,161,180,183,183,183,183,184,لا,lā,no / not
161,162,181,184,184,184,184,185,أكثر,akthar,most / more
162,163,182,185,185,185,185,186,الناس,al-nās,people
163,164,183,186,186,186,186,187,لي,lī,my / to me
164,165,184,187,187,187,187,188,على,‘alā,on / over
165,166,185,188,188,188,188,189,تعرف,ta‘rif,know
166,167,186,189,189,189,189,190,ماء,mā’,water
167,168,187,190,190,190,190,191,من,min,than / from
168,169,188,191,191,191,191,192,دعوة,da‘wa,call / invitation
169,170,189,192,192,192,192,193,الأول,al-awwal,first
170,171,190,193,193,193,193,194,الذي,alladhī,who / which
171,172,191,194,194,194,194,195,قد,qad,may / might
172,173,192,195,195,195,195,196,إلى,ilā,down / to (contextual)
173,174,193,196,196,196,196,197,الجانب,al-jānib,side
174,175,194,197,197,197,197,198,كان,kāna,been / was
175,176,195,198,198,198,198,199,الآن,al-ān,now
176,177,196,199,199,199,199,200,اكتشاف,iktishāf,find / discovery
177,178,197,200,200,200,200,201,رئيس,ra’īs,head / leader
178,179,198,201,201,201,201,202,الوقوف,al-wuqūf,stand
179,180,199,202,202,202,202,203,الخاصة,al-khāṣa,own / private
180,181,200,203,203,203,203,204,الصفحة,al-ṣafḥa,page
181,182,201,204,204,204,204,205,ينبغي,yanbaghī,should / ought to
182,183,202,205,205,205,205,206,بلد,balad,country
183,184,203,206,206,206,206,207,أسس,assasa,founded / established
184,185,204,207,207,207,207,208,الجواب,al-jawāb,answer
185,186,205,208,208,208,208,209,المدرسة,al-madrasa,school
186,187,206,209,209,209,209,210,تنمو,tanmū,grow
187,188,207,210,210,210,210,211,دراسة,dirāsa,study
188,189,208,211,211,211,211,212,لا يزال,lā yazāl,still
189,190,209,212,212,212,212,213,تعلم,ta‘allam,learn
190,191,210,213,213,213,213,214,مصنع,maṣna‘,plant / factory
191,192,211,214,214,214,214,215,غطاء,ghiṭā’,cover
192,193,212,215,215,215,215,216,غذاء,ghidhā’,food
193,194,213,216,216,216,216,217,شمس,shams,sun
194,195,214,217,217,217,217,218,أربعة,arba‘a,four
195,196,215,218,218,218,218,219,بين,bayna,between
196,197,216,219,219,219,219,220,دولة,dawla,state / country
197,198,217,220,220,220,220,221,احتفظ,iḥtafaẓ,keep
198,199,218,221,221,221,221,222,العين,al-‘ayn,eye
199,200,219,222,222,222,222,223,أبدا,abadan,never
200,201,220,223,223,223,223,224,آخر,ākhir,last / other
201,202,221,224,224,224,224,225,سمح,samaḥa,let / allow
202,203,222,225,225,225,225,226,يعتقد,ya‘taqid,thought / believes
203,204,223,226,226,226,226,227,المدينة,al-madīna,city
204,205,224,227,227,227,227,228,شجرة,shajara,tree
205,206,225,228,228,228,228,229,عبور,‘ubūr,cross
206,207,226,229,229,229,229,230,مزرعة,mazra‘a,farm
207,208,227,230,230,230,230,231,شاق,shāqq,hard / difficult
208,209,228,231,231,231,231,232,بداية,bidāya,start / beginning
209,210,229,232,232,232,232,233,قد,qad,might / may
210,211,230,233,233,233,233,234,قصة,qiṣṣa,story
211,212,231,234,234,234,234,235,منشار,minshār,saw (tool)
212,213,232,235,235,235,235,236,الآن,al-ān,now
213,214,233,236,236,236,236,237,بحر,baḥr,sea
214,215,234,237,237,237,237,238,رسم,rasm,draw / drawing
215,216,235,238,238,238,238,239,غادر,ghādara,left / departed
216,217,236,239,239,239,239,240,متأخر,muta’akhkhir,late
217,218,237,240,240,240,240,241,تشغيل,tashghīl,run / operation
218,219,238,241,241,241,241,242,لا,lā,don’t / no
219,220,239,242,242,242,242,243,في حين,fī ḥīn,while
220,221,240,243,243,243,243,244,الصحافة,al-ṣaḥāfa,press / journalism
221,222,241,244,244,244,244,245,قريب,qarīb,close / near
222,223,242,245,245,245,245,246,الليل,al-layl,night
223,224,243,246,246,246,246,247,حقيقية,ḥaqīqiyya,real
224,225,244,247,247,247,247,248,حياة,ḥayāh,life
225,226,245,249,249,249,249,250,شمال,shamāl,north
226,227,246,250,250,250,250,251,كتاب,kitāb,book
227,228,247,251,251,251,251,252,حمل,ḥamala,carry
228,229,248,252,252,252,252,253,استغرق,istaġraqa,took / lasted
229,230,249,253,253,253,253,254,علم,‘ilm,science / knowledge
230,231,250,254,254,254,254,255,أكل,akala,eat
231,232,251,255,255,255,255,256,غرفة,ghurfa,room
232,233,252,256,256,256,256,257,صديق,ṣadīq,friend
233,234,253,257,257,257,257,258,بدأ,bada’a,began
234,235,254,258,258,258,258,259,فكرة,fikra,idea
235,236,255,259,259,259,259,260,سمك,samak,fish
236,237,256,260,260,260,260,261,الجبل,al-jabal,mountain
237,238,257,261,261,261,261,262,توقف,tawakkafa,stop
238,239,258,262,262,262,262,263,مرة واحدة,marra wāḥida,once
239,240,259,263,263,263,263,264,قاعدة,qā‘ida,base / rule
240,241,261,265,265,265,265,266,الحصان,al-ḥiṣān,horse
241,242,262,266,266,266,266,267,قطع,qaṭa‘a,cut
242,243,263,267,267,267,267,268,بالتأكيد,bil-ta’kīd,sure / certainly
243,244,264,268,268,268,268,269,راقب,rāqaba,watch / observe
244,245,265,269,269,269,269,270,لون,lawn,color
245,246,266,270,270,270,270,271,وجه,wajh,face
246,247,267,271,271,271,271,272,الخشب,al-khashab,wood
247,248,268,272,272,272,272,273,رئيسي,ra’īsī,main / primary
248,249,269,273,273,273,273,274,مفتوحة,maftūḥa,open
249,250,270,274,274,274,274,275,يبدو,yabdū,seem / appear
250,251,271,275,275,275,275,276,معا,ma‘an,together
251,252,272,276,276,276,276,277,المقبل,al-muqbil,next / upcoming
252,253,273,277,277,277,277,278,أبيض,abyaḍ,white
253,254,274,278,278,278,278,279,الأطفال,al-aṭfāl,children
254,255,275,279,279,279,279,280,بدأ,bada’a,begin / started
255,256,276,280,280,280,280,281,حصلت,ḥaṣalat,got / obtained
256,257,277,281,281,281,281,282,سير,sayr,walk / path
257,258,278,282,282,282,282,283,مثال,mithāl,example
258,259,279,283,283,283,283,284,سهولة,suhūla,ease
259,260,280,284,284,284,284,285,ورق,waraq,paper
260,261,281,285,285,285,285,286,مجموعة,majmū‘a,group
261,262,282,286,286,286,286,287,دائما,dā’iman,always
262,263,283,287,287,287,287,288,الموسيقى,al-mūsīqā,music
263,264,284,288,288,288,288,289,تلك,tilka,those
264,265,285,289,289,289,289,290,كلا,kilā,both
265,266,286,290,290,290,290,291,علامة,‘alāma,mark / sign
266,267,287,291,291,291,291,292,غالبا,ghāliban,often
267,268,288,292,292,292,292,293,الرسالة,al-risāla,letter / message
268,269,289,293,293,293,293,294,حتى,ḥattā,until
269,270,290,294,294,294,294,295,ميل,mīl,mile / inclination
270,271,291,295,295,295,295,296,النهر,al-nahr,river
271,272,292,296,296,296,296,297,سيارة,sayyāra,car
272,273,293,297,297,297,297,298,قدم,qadam,feet / foot
273,274,294,298,298,298,298,299,الرعاية,al-ri‘āya,care
274,275,295,299,299,299,299,300,ثان,thānī,second
275,276,296,300,300,300,300,301,بما فيه الكفاية,bimaa fīhi al-kifāyah,enough
276,277,297,301,301,301,301,302,سهل,sahl,plain
277,278,298,302,302,302,302,303,فتاة,fatāh,girl
278,279,299,303,303,303,303,304,معتاد,muʿtād,usual
279,280,300,304,304,304,304,305,الشباب,al-shabāb,young
280,281,301,305,305,305,305,306,جاهزة,jāhizah,ready
281,282,302,306,306,306,306,307,فوق,fawq,above
282,283,303,307,307,307,307,308,أبدا,abadan,ever
283,284,304,308,308,308,308,309,أحمر,aḥmar,red
284,285,305,309,309,309,309,310,قائمة,qā’imah,list
285,286,306,310,310,310,310,311,على الرغم من,ʿalā al-raġm min,though
286,287,307,311,311,311,311,312,إحساس,iḥsās,feel
287,288,308,312,312,312,312,313,الحديث,al-ḥadīth,talk
288,289,309,313,313,313,313,314,طائر,ṭā’ir,bird
289,290,310,314,314,314,314,315,قريبا,qarīban,soon
290,291,311,315,315,315,315,316,هيئة,hay’ah,body
291,292,312,316,316,316,316,317,الكلب,al-kalb,dog
292,293,313,317,317,317,317,318,عائلة,ʿā’ilah,family
293,294,314,318,318,318,318,319,مباشر,mubāshir,direct
294,295,315,319,319,319,319,320,أربك,arbak,pose
295,296,316,320,320,320,320,321,ترك,taraka,leave
296,297,318,322,322,322,322,323,قياس,qiyās,measure
297,298,319,323,323,323,323,324,باب,bāb,door
298,299,320,324,324,324,324,325,نتاج,nitāj,product
299,300,321,325,325,325,325,326,أسود,aswad,black
300,301,322,326,326,326,326,327,قصير,qaṣīr,short
301,302,323,327,327,327,327,328,الأرقام,al-arqām,numeral
302,303,324,328,328,328,328,329,الفئة,al-fi’ah,class
303,304,325,329,329,329,329,330,الرياح,al-riyāḥ,wind
304,305,326,330,330,330,330,331,السؤال,al-su’āl,question
305,306,327,331,331,331,331,332,يحدث,yaḥduth,happen
306,307,328,332,332,332,332,333,كاملة,kāmilah,complete
307,308,329,333,333,333,333,334,سفينة,safīnah,ship
308,309,330,334,334,334,334,335,منطقة,minṭaqah,area
309,310,331,335,335,335,335,336,نصف,niṣf,half
310,311,332,336,336,336,336,337,صخرة,ṣakhrah,rock
311,312,333,337,337,337,337,338,النظام,al-niẓām,order
312,313,334,338,338,338,338,339,النار,al-nār,fire
313,314,335,339,339,339,339,340,الجنوب,al-janūb,south
314,315,336,340,340,340,340,341,مشكلة,mushkilah,problem
315,316,337,341,341,341,341,342,قطعة,qiṭʿah,piece
316,317,338,342,342,342,342,343,قال,qāl,told
317,318,339,343,343,343,343,344,عرف,ʿarafa,knew
318,319,340,344,344,344,344,345,تمر,tamur,pass
319,320,341,345,345,345,345,346,منذ,mundhu,since
320,321,342,346,346,346,346,347,أعلى,aʿlā,top
321,322,343,347,347,347,347,348,ككل,kakull,whole
322,323,344,348,348,348,348,349,ملك,malik,king
323,324,345,349,349,349,349,350,شارع,shāriʿ,street
324,325,346,350,350,350,350,351,بوصة,bawsah,inch
325,326,347,351,351,351,351,352,مضاعفة,muḍāʿafah,multiply
326,327,348,352,352,352,352,353,لا شيء,lā shay’,nothing
327,328,349,353,353,353,353,354,بالطبع,bi-al-ṭabʿ,course
328,329,350,354,354,354,354,355,إقامة,iqāmah,stay
329,330,351,355,355,355,355,356,عجلة,ʿajalah,wheel
330,331,352,356,356,356,356,357,كامل,kāmil,full
331,332,353,357,357,357,357,358,قوة,quwwah,force
332,333,354,358,358,358,358,359,الأزرق,al-azraq,blue
333,334,355,360,360,360,360,361,تقرر,taqarrar,decide
334,335,356,361,361,361,361,362,سطح,saṭḥ,surface
335,336,357,362,362,362,362,363,عميق,ʿamīq,deep
336,337,358,363,363,363,363,364,ضوء القمر,ḍaw’ al-qamar,moon
337,338,359,364,364,364,364,365,الجزيرة,al-jazīrah,island
338,339,360,365,365,365,365,366,القدم,al-qadam,foot
339,340,361,366,366,366,366,367,نظام,niẓām,system
340,341,362,367,367,367,367,368,مشغول,mashghūl,busy
341,342,363,368,368,368,368,369,اختبار,ikhtibār,test
342,343,364,369,369,369,369,370,سجل,sijill,record
343,344,365,370,370,370,370,371,قارب,qārib,boat
344,345,366,371,371,371,371,372,مشترك,mushtarak,common
345,346,367,372,372,372,372,373,الذهب,al-dhahab,gold
346,347,368,373,373,373,373,374,ممكن,mumkin,possible
347,348,369,374,374,374,374,375,طائرة,ṭā’irah,plane
348,349,370,375,375,375,375,376,بدلا,badalan,stead
349,350,371,376,376,376,376,377,جاف,jāf,dry
350,351,372,377,377,377,377,378,عجب,ʿajab,wonder
351,352,373,378,378,378,378,379,الضحك,al-ḍaḥik,laugh
352,353,374,379,379,379,379,380,ألف,alf,thousand
353,354,375,380,380,380,380,381,منذ,mundhu,ago
354,355,376,381,381,381,381,382,ركض,rakad,ran
355,356,377,382,382,382,382,383,تحقق,taḥaqqaq,check
356,357,378,383,383,383,383,384,لعبة,luʿbah,game
357,358,379,384,384,384,384,385,شكل,shakl,shape
358,359,380,385,385,385,385,386,مساواة,musāwāh,equate
359,360,381,386,386,386,386,387,حار,ḥār,hot
360,361,382,387,387,387,387,388,ملكة جمال,malikat jamāl,miss
361,362,383,388,388,388,388,389,جلبت,jalabat,brought
362,363,384,389,389,389,389,390,حرارة,ḥarārah,heat
363,364,385,390,390,390,390,391,ثلج,thalj,snow
364,365,386,391,391,391,391,392,إطار العجلة,iṭār al-ʿajalah,tire
365,366,387,392,392,392,392,393,جلب,jalaba,bring
366,367,388,394,394,394,394,395,بعيد,baʿīd,distant
367,368,389,395,395,395,395,396,شغل,shughl,fill
368,369,390,396,396,396,396,397,الشرق,al-sharq,east
369,370,391,397,397,397,397,398,الطلاء,al-ṭilā’,paint
370,371,392,398,398,398,398,399,اللغة,al-lughah,language
371,372,393,399,399,399,399,400,بين,bayn,among
372,373,394,400,400,400,400,401,وحدة,waḥdah,unit
373,374,395,401,401,401,401,402,قوة,quwwah,power
374,375,396,402,402,402,402,403,مدينة,madīnah,town
375,376,397,403,403,403,403,404,غرامة,gharāmah,fine
376,377,398,404,404,404,404,405,معين,muʿayyan,certain
377,378,399,405,405,405,405,406,يطير,yaṭīr,fly
378,379,400,406,406,406,406,407,سقط,saqaṭa,fall
379,380,401,407,407,407,407,408,قيادة,qiyādah,lead
380,381,402,408,408,408,408,409,صرخة,ṣarkhah,cry
381,382,403,409,409,409,409,410,مظلم,muẓlim,dark
382,383,404,410,410,410,410,411,آلة,ālah,machine
383,384,405,411,411,411,411,412,مذكرة,mudhakkarah,note
384,385,406,412,412,412,412,413,انتظر,intazar,wait
385,386,407,413,413,413,413,414,خطة,khuṭṭah,plan
386,387,408,414,414,414,414,415,الرقم,al-raqam,figure
387,388,409,415,415,415,415,416,نجمة,najmah,star
388,389,410,416,416,416,416,417,صندوق,ṣundūq,box
389,390,411,417,417,417,417,418,إسم,ism,noun
390,391,412,418,418,418,418,419,الحقل,al-ḥaql,field
391,392,413,419,419,419,419,420,بقية,baqiyyah,rest
392,393,414,420,420,420,420,421,صحيح,ṣaḥīḥ,correct
393,394,415,421,421,421,421,422,قادرة,qādirah,able
394,395,416,422,422,422,422,423,الجنيه,al-junaih,pound
395,396,417,423,423,423,423,424,منجز,munjaz,done
396,397,418,424,424,424,424,425,الجمال,al-jamāl,beauty
397,398,419,425,425,425,425,426,محرك,muḥarrik,drive
398,399,420,426,426,426,426,427,وقفت,waqafat,stood
399,400,421,427,427,427,427,428,تحتوي على,taḥtawī ʿalā,contain
400,401,422,428,428,428,428,429,الجبهة,al-jabhah,front
401,402,423,429,429,429,429,430,تعليم,taʿlīm,teach
402,403,424,430,430,430,430,431,أسبوع,usbūʿ,week
403,404,425,431,431,431,431,432,نهائي,nihā’ī,final
404,405,426,432,432,432,432,433,أعطى,aʿṭā,gave
405,406,427,433,433,433,433,434,الأخضر,al-akhdar,green
406,407,428,434,434,434,434,435,يا,yā,oh
407,408,429,435,435,435,435,436,سريع,sarīʿ,quick
408,409,430,436,436,436,436,437,تطوير,taṭwīr,develop
409,410,431,437,437,437,437,438,المحيط,al-muḥīṭ,ocean
410,411,432,438,438,438,438,439,الحارة,al-ḥārah,warm
411,412,433,439,439,439,439,440,حر,ḥurr,free
412,413,434,440,440,440,440,441,دقيقة,daqīqah,minute
413,414,435,441,441,441,441,442,قوي,qawī,strong
414,415,436,442,442,442,442,443,خاص,khāṣ,special
415,416,437,443,443,443,443,444,عقل,ʿaql,mind
416,417,438,444,444,444,444,445,خلف,khalf,behind
417,418,439,445,445,445,445,446,واضح,wāḍiḥ,clear
418,419,440,446,446,446,446,447,ذيل,dhayl,tail
419,420,441,447,447,447,447,448,إنتاج,intāj,produce
420,421,442,448,448,448,448,449,حقيقة,ḥaqīqah,fact
421,422,443,449,449,449,449,450,الفضاء,al-faḍā’,space
422,423,444,450,450,450,450,451,سمعت,samiʿt,heard
423,424,445,451,451,451,451,452,أفضل,afḍal,best
424,425,446,452,452,452,452,453,ساعة,sāʿah,hour
425,426,447,453,453,453,453,454,أفضل,abṭal,better
426,427,448,454,454,454,454,455,صحيح,ṣaḥīḥ,TRUE
427,428,449,455,455,455,455,456,خلال,khilāl,during
428,429,450,456,456,456,456,457,مائة,mi’ah,hundred
429,430,451,457,457,457,457,458,خمسة,khamsah,five
430,431,452,458,458,458,458,459,تذكر,tadhakkar,remember
431,432,453,459,459,459,459,460,خطوة,khuṭwah,step
432,433,454,460,460,460,460,461,في وقت مبكر,fī waqt mubakkir,early
433,434,455,461,461,461,461,462,عقد,ʿaqd,hold
434,435,456,462,462,462,462,463,غرب,gharb,west
435,436,457,463,463,463,463,464,أرض,arḍ,ground
436,437,458,464,464,464,464,465,مصلحة,maṣlaḥah,interest
437,438,459,465,465,465,465,466,الوصول,al-wuṣūl,reach
438,439,460,466,466,466,466,467,بسرعة,bisurʿah,fast
439,440,461,467,467,467,467,468,الفعل,al-fiʿl,verb
440,441,462,468,468,468,468,469,الغناء,al-ghinā’,sing
441,442,463,469,469,469,469,470,استمع,istamaʿ,listen
442,443,464,470,470,470,470,471,ستة,sittah,six
443,444,466,472,472,472,472,473,السفر,al-safar,travel
444,445,467,473,473,473,473,474,أقل,aqall,less
445,446,469,476,476,476,476,477,بسيطة,basīṭah,simple
446,447,470,477,477,477,477,478,عدة,ʿiddah,several
447,448,471,478,478,478,478,479,حرف لين,ḥarf layyin,vowel
448,449,472,479,479,479,479,480,نحو,naḥw,toward
449,450,473,480,480,480,480,481,حرب,ḥarb,war
450,451,474,481,481,481,481,482,وضع,waḍaʿa,lay
451,452,475,482,482,482,482,483,ضد,ḍidd,against
452,453,476,483,483,483,483,484,نمط,namaṭ,pattern
453,454,478,485,485,485,485,486,مركز,markaz,center
454,455,479,486,486,486,486,487,الحب,al-ḥubb,love
455,456,480,487,487,487,487,488,شخص,shakhs,person
456,457,481,488,488,488,488,489,المال,al-māl,money
457,458,482,489,489,489,489,490,خدمة,khidmah,serve
458,459,483,490,490,490,490,491,تظهر,taẓhar,appear
459,460,484,491,491,491,491,492,طريق,ṭarīq,road
460,461,485,492,492,492,492,493,خريطة,kharīṭah,map
461,462,486,493,493,493,493,494,مطر,maṭar,rain
462,463,487,494,494,494,494,495,حكم,ḥukm,rule
463,464,488,495,495,495,495,496,الحكم,al-ḥukm,govern
464,465,489,496,496,496,496,497,سحب,saḥab,pull
465,466,490,497,497,497,497,498,بارد,bārid,cold
466,467,491,498,498,498,498,499,إشعار,ishʿār,notice
467,468,492,499,499,499,499,500,صوت,ṣawt,voice
468,469,493,500,500,500,500,501,الطاقة,al-ṭāqah,energy
469,470,494,501,501,501,501,502,مطاردة,muṭāradah,hunt
470,471,495,502,502,502,502,503,محتمل,muḥtamal,probable
471,472,496,503,503,503,503,504,قاع,qāʿ,bed
472,473,497,504,504,504,504,505,شقيق,shaqīq,brother
473,474,498,505,505,505,505,506,البيض,al-bayḍ,egg
474,475,499,506,506,506,506,507,ركوب,rukūb,ride
475,476,501,508,508,508,508,509,اعتقد,iʿtaqad,believe
476,477,502,509,509,509,509,510,ربما,rubbamā,perhaps
477,478,503,510,510,510,510,511,اختيار,ikhtiyār,pick
478,479,504,511,511,511,511,512,مفاجئ,mufāji’,sudden
479,480,505,512,512,512,512,513,عد,ʿadd,count
480,481,506,513,513,513,513,514,مربع,murabbaʿ,square
481,482,507,514,514,514,514,515,سبب,sabab,reason
482,483,508,515,515,515,515,516,طول,ṭūl,length
483,484,509,516,516,516,516,517,تمثيل,tamthīl,represent
484,485,510,517,517,517,517,518,فن,fann,art
485,486,511,518,518,518,518,519,الموضوع,al-mawḍūʿ,subject
486,487,512,519,519,519,519,520,منطقة,minṭaqah,region
487,488,513,520,520,520,520,521,حجم,ḥajm,size
488,489,514,521,521,521,521,522,تختلف,takhtalif,vary
489,490,515,523,523,523,523,524,الكلام,al-kalām,speak
490,491,516,524,524,524,524,525,الوزن,al-wazn,weight
491,492,517,525,525,525,525,526,عام,ʿām,general
492,493,518,526,526,526,526,527,الجليد,al-jalīd,ice
493,494,519,527,527,527,527,528,مسألة,mas’alah,matter
494,495,520,528,528,528,528,529,دائرة,dā’irah,circle
495,496,521,529,529,529,529,530,زوج,zawj,pair
496,497,522,530,530,530,530,531,تضمن,taḍamman,include
497,498,523,531,531,531,531,532,الفجوة,al-fajwah,divide
498,499,524,532,532,532,532,533,مقطع لفظي,maqṭaʿ lafẓī,syllable
499,500,525,533,533,533,533,534,شعر,shaʿar,felt
500,501,526,534,534,534,534,535,الكبرى,al-kubrā,grand
501,502,527,535,535,535,535,536,كرة,kurah,ball
502,503,528,536,536,536,536,537,بعد,baʿd,yet
503,504,529,537,537,537,537,538,موجة,mawjah,wave
504,505,530,538,538,538,538,539,إسقاط,isqāṭ,drop
505,506,531,539,539,539,539,540,قلب,qalb,heart
506,507,532,540,540,540,540,541,صباحا,ṣabāḥan,am
507,508,533,541,541,541,541,542,الحاضر,al-ḥāḍir,present
508,509,534,542,542,542,542,543,ثقيلة,thaqīlah,heavy
509,510,535,543,543,543,543,544,رقص,raqṣ,dance
510,511,536,544,544,544,544,545,محرك,muḥarrik,engine
511,512,537,545,545,545,545,546,موقف,mawqif,position
512,513,538,546,546,546,546,547,الذراع,al-dhirāʿ,arm
513,514,539,548,548,548,548,549,الشراع,al-shirāʿ,sail
514,515,540,549,549,549,549,550,مادة,māddah,material
515,516,541,550,550,550,550,551,جزء,juz’,fraction
516,517,542,551,551,551,551,552,الغابات,al-ghābāt,forest
517,518,543,552,552,552,552,553,الجلوس,al-julūs,sit
518,519,544,553,553,553,553,554,سباق,sibāq,race
519,520,545,554,554,554,554,555,نافذة,nāfidhah,window
520,521,546,555,555,555,555,556,متجر,matjar,store
521,522,547,556,556,556,556,557,الصيف,al-ṣayf,summer
522,523,548,557,557,557,557,558,قطار,qiṭār,train
523,524,549,558,558,558,558,559,نوم,nawm,sleep
524,525,550,559,559,559,559,560,إثبات,ithbāt,prove
525,526,551,560,560,560,560,561,وحيد,waḥīd,lone
526,527,552,561,561,561,561,562,الساق,al-sāq,leg
527,528,553,562,562,562,562,563,ممارسة,mumārāsah,exercise
528,529,554,563,563,563,563,564,جدار,jidār,wall
529,530,555,564,564,564,564,565,مزلاج,mizlāj,catch
530,531,556,565,565,565,565,566,جبل,jabal,mount
531,532,557,566,566,566,566,567,رغب,raghiba,wish
532,533,559,568,568,568,568,569,مجلس الإدارة,majlis al-idārah,board
533,534,560,569,569,569,569,570,الفرح,al-faraḥ,joy
534,535,561,570,570,570,570,571,شتاء,shitā’,winter
535,536,562,571,571,571,571,572,السبت,al-sabt,sat
536,537,563,572,572,572,572,573,مكتوبة,maktūbah,written
537,538,564,573,573,573,573,574,بري,barrī,wild
538,539,565,574,574,574,574,575,أداة,adāh,instrument
539,540,566,576,576,576,576,577,زجاج,zujāj,glass
540,541,567,577,577,577,577,578,العشب,al-ʿushb,grass
541,542,568,578,578,578,578,579,بقرة,baqarah,cow
542,543,570,580,580,580,580,581,حافة,ḥāfah,edge
543,544,571,581,581,581,581,582,علامة,ʿalāmah,sign
544,545,572,582,582,582,582,583,زيارة,ziyārah,visit
545,546,573,583,583,583,583,584,الماضي,al-māḍī,past
546,547,574,584,584,584,584,585,لينة,layyinah,soft
547,548,575,585,585,585,585,586,مرح,marḥ,fun
548,549,576,586,586,586,586,587,مشرق,mushriq,bright
549,550,577,587,587,587,587,588,الغاز,al-ghāz,gas
550,551,578,588,588,588,588,589,الطقس,al-ṭaqs,weather
551,552,579,589,589,589,589,590,شهر,shahr,month
552,553,580,590,590,590,590,591,مليون,milyūn,million
553,554,581,591,591,591,591,592,تحمل,taḥammal,bear
554,555,582,592,592,592,592,593,نهاية,nihāyah,finish
555,556,583,594,594,594,594,595,نأمل,na’mul,hope
556,557,584,595,595,595,595,596,زهرة,zahrāh,flower
557,558,585,596,596,596,596,597,كسا,kasā,clothe
558,559,587,599,599,599,599,600,تجارة,tijārah,trade
559,560,588,600,600,600,600,601,لحن,laḥn,melody
560,561,590,602,602,602,602,603,مكتب,maktab,office
561,562,591,603,603,603,603,604,تلقي,talaqqī,receive
562,563,592,604,604,604,604,605,الصف,al-ṣaff,row
563,564,593,605,605,605,605,606,فم,fam,mouth
564,565,594,606,606,606,606,607,بالضبط,bil-ḍabṭ,exact
565,566,595,607,607,607,607,608,رمز,ramz,symbol
566,567,596,608,608,608,608,609,مات,māt,die
567,568,597,609,609,609,609,610,الأقل,al-aqall,least
568,569,598,610,610,610,610,611,مشكلة,mushkilah,trouble
569,570,599,611,611,611,611,612,صيحة,ṣayḥah,shout
570,571,600,612,612,612,612,613,إلا,illā,except
571,572,601,613,613,613,613,614,كتب,kataba,wrote
572,573,602,614,614,614,614,615,بذرة,bidhrah,seed
573,574,603,615,615,615,615,616,نغمة,naghmah,tone
574,575,604,616,616,616,616,617,انضمام,inḍimām,join
575,576,605,617,617,617,617,618,اقترح,iqtaraḥa,suggest
576,577,606,618,618,618,618,619,نظيف,naẓīf,clean
577,578,607,619,619,619,619,620,استراحة,istirāḥah,break
578,579,608,620,620,620,620,621,سيدة,sayyidah,lady
579,580,609,621,621,621,621,622,ساحة,sāḥah,yard
580,581,610,622,622,622,622,623,الارتفاع,al-irtifāʿ,rise
581,582,611,623,623,623,623,624,سيئة,sayyi’ah,bad
582,583,612,624,624,624,624,625,ضربة,ḍarbah,blow
583,584,613,625,625,625,625,626,زيت,zayt,oil
584,585,614,626,626,626,626,627,الدم,al-dam,blood
585,586,615,627,627,627,627,628,لمس,lamasa,touch
586,587,616,628,628,628,628,629,نما,namā,grew
587,588,617,629,629,629,629,630,المائة,al-mi’ah,cent
588,589,618,630,630,630,630,631,مزيج,mazīj,mix
589,590,619,631,631,631,631,632,فريق,farīq,team
590,591,620,632,632,632,632,633,سلك,silk,wire
591,592,621,633,633,633,633,634,التكلفة,al-taklufah,cost
592,593,622,634,634,634,634,635,فقدت,faqadat,lost
593,594,623,635,635,635,635,636,أسمر,asmar,brown
594,595,624,636,636,636,636,637,ارتداء,irtidā’,wear
595,596,625,637,637,637,637,638,حديقة,ḥadīqah,garden
596,597,626,638,638,638,638,639,متساو,mutasāw,equal
597,598,627,639,639,639,639,640,أرسلت,arsalt,sent
598,599,628,640,640,640,640,641,اختيار,ikhtiyār,choose
599,600,629,641,641,641,641,642,سقط,saqaṭa,fell
600,601,630,642,642,642,642,643,تناسب,tanāsab,fit
601,602,632,644,644,644,644,645,عادل,ʿādil,fair
602,603,633,646,646,646,646,647,جمع,jamaʿa,collect
603,604,634,647,647,647,647,648,حفظ,ḥafiẓa,save
604,605,635,648,648,648,648,649,السيطرة,al-sayṭarah,control
605,606,636,649,649,649,649,650,العشري,al-ʿashrī,decimal
606,607,637,650,650,650,650,651,إذن,idhn,ear
607,608,638,651,651,651,651,652,آخر,ākhir,else
608,609,639,652,652,652,652,653,تماما,tamāman,quite
609,610,640,653,653,653,653,654,حطم,ḥaṭṭama,broke
610,611,641,654,654,654,654,655,حالة,ḥālah,case
611,612,642,655,655,655,655,656,وسط,wasaṭ,middle
612,613,643,656,656,656,656,657,قتل,qatala,kill
613,614,644,657,657,657,657,658,ابن,ibn,son
614,615,645,658,658,658,658,659,بحيرة,buḥayrah,lake
615,616,647,660,660,660,660,661,على نطاق و,ʿalā niṭāq wāsiʿ,scale
616,617,648,662,662,662,662,663,الربيع,al-rabīʿ,spring
617,618,649,663,663,663,663,664,رصد,raṣada,observe
618,619,650,664,664,664,664,665,طفل,ṭifl,child
619,620,651,665,665,665,665,666,مباشرة,mubāsharatan,straight
620,621,652,666,666,666,666,667,متوافق,mutawāfiq,consonant
621,622,653,667,667,667,667,668,الأمة,al-ummah,nation
622,623,654,668,668,668,668,669,قاموس,qāmūs,dictionary
623,624,655,669,669,669,669,670,حليب,ḥalīb,milk
624,625,656,670,670,670,670,671,السرعة,al-surʿah,speed
625,626,657,671,671,671,671,672,طريقة,ṭarīqah,method
626,627,659,673,673,673,673,674,دفع,dafaʿa,pay
627,628,660,674,674,674,674,675,العمر,al-ʿumr,age
628,629,661,675,675,675,675,676,القسم,al-qism,section
629,630,662,676,676,676,676,677,فستان,fustān,dress
630,631,663,677,677,677,677,678,سحابة,saḥābah,cloud
631,632,664,678,678,678,678,679,مفاجأة,mufāja’ah,surprise
632,633,665,679,679,679,679,680,هادئ,hādi’,quiet
633,634,666,680,680,680,680,681,حجر,ḥajar,stone
634,635,667,681,681,681,681,682,صغير,ṣaghīr,tiny
635,636,668,682,682,682,682,683,تسلق,tasallaqa,climb
636,637,669,683,683,683,683,684,بارد,bārid,cool
637,638,670,684,684,684,684,685,تصميم,taṣmīm,design
638,639,671,686,686,686,686,687,الكثير,al-kathīr,lot
639,640,672,688,688,688,688,689,أسفل,asfal,bottom
640,641,673,689,689,689,689,690,مفتاح,miftāḥ,key
641,642,674,690,690,690,690,691,حديد,ḥadīd,iron
642,643,675,691,691,691,691,692,احد,aḥad,single
643,644,676,692,692,692,692,693,عصا,ʿaṣā,stick
644,645,677,693,693,693,693,694,شقة,shaqqah,flat
645,646,678,694,694,694,694,695,عشرون,ʿishrūn,twenty
646,647,679,695,695,695,695,696,الجلد,al-jild,skin
647,648,680,697,697,697,697,698,تجعد,tajʿad,crease
648,649,681,698,698,698,698,699,حفرة,ḥufrah,hole
649,650,682,699,699,699,699,700,القفزة,al-qafzah,jump
650,651,683,700,700,700,700,701,طفل,ṭifl,baby
651,652,684,701,701,701,701,702,ثمانية,thamāniyah,eight
652,653,685,702,702,702,702,703,قرية,qaryah,village
653,654,686,703,703,703,703,704,تلبية,talbiyah,meet
654,655,687,704,704,704,704,705,الجذر,al-jadhr,root
655,656,688,705,705,705,705,706,شراء,shirā’,buy
656,657,689,706,706,706,706,707,رفع,rafaʿa,raise
657,658,690,708,708,708,708,709,المعادن,al-maʿādin,metal
658,659,691,709,709,709,709,710,سواء,sawā’,whether
659,660,692,710,710,710,710,711,دفع,dafaʿa,push
660,661,693,711,711,711,711,712,سبعة,sabʿah,seven
661,662,694,712,712,712,712,713,فقرة,faqrah,paragraph
662,663,695,713,713,713,713,714,الثالث,al-thālith,third
663,664,696,714,714,714,714,715,يجب,yajibu,shall
664,665,697,715,715,715,715,716,عقدت,ʿuqidat,held
665,666,698,716,716,716,716,717,الشعر,al-shaʿr,hair
666,667,699,717,717,717,717,718,وصف,waṣafa,describe
667,668,700,718,718,718,718,719,طبخ,ṭabkha,cook
668,669,701,719,719,719,719,720,الطابق,al-ṭābiq,floor
669,670,702,720,720,720,720,721,كل,kull,either
670,671,703,721,721,721,721,722,نتيجة,natījah,result
671,672,704,722,722,722,722,723,حرق,ḥaraqa,burn
672,673,705,723,723,723,723,724,التل,al-till,hill
673,674,706,724,724,724,724,725,آمنة,āminah,safe
674,675,707,725,725,725,725,726,القط,al-qiṭṭ,cat
675,676,708,726,726,726,726,727,القرن,al-qarn,century
676,677,709,727,727,727,727,728,النظر,al-naẓar,consider
677,678,710,728,728,728,728,729,نوع,nawʿ,type
678,679,711,729,729,729,729,730,القانون,al-qānūn,law
679,680,712,730,730,730,730,731,لقمة,luqmah,bit
680,681,713,731,731,731,731,732,الساحل,al-sāḥil,coast
681,682,714,732,732,732,732,733,نسخة,nuskhah,copy
682,683,715,733,733,733,733,734,العبارة,al-ʿibārah,phrase
683,684,716,734,734,734,734,735,الصمت,al-ṣamt,silent
684,685,717,735,735,735,735,736,طويل,ṭawīl,tall
685,686,718,736,736,736,736,737,رمل,raml,sand
686,687,719,737,737,737,737,738,التربة,al-turbah,soil
687,688,720,738,738,738,738,739,لفة,laffah,roll
688,689,721,739,739,739,739,740,درجة الحرارة,darajat al-ḥarārah,temperature
689,690,722,740,740,740,740,741,إصبع,iṣbaʿ,finger
690,691,723,741,741,741,741,742,صناعة,ṣināʿah,industry
691,692,724,742,742,742,742,743,قيمة,qīmah,value
692,693,725,743,743,743,743,744,المعركة,al-maʿrakah,fight
693,694,726,744,744,744,744,745,كذبة,kidhbah,lie
694,695,727,745,745,745,745,746,فوز,fawz,beat
695,696,728,746,746,746,746,747,أثار,athāra,excite
696,697,729,747,747,747,747,748,طبيعي,ṭabīʿī,natural
697,698,730,748,748,748,748,749,رأي,ra’y,view
698,699,731,749,749,749,749,750,المعنى,al-maʿnā,sense
699,700,732,750,750,750,750,751,العاصمة,al-ʿāṣimah,capital
700,701,733,751,751,751,751,752,سوف لا,sawfa lā,won’t
701,702,734,752,752,752,752,753,كرسي,kursī,chair
702,703,735,753,753,753,753,754,خطر,khaṭar,danger
703,704,736,754,754,754,754,755,الفاكهة,al-fākihah,fruit
704,705,737,755,755,755,755,756,غني,ghaniyy,rich
705,706,738,756,756,756,756,757,سميك,samīk,thick
706,707,739,757,757,757,757,758,جندي,jundī,soldier
707,708,740,758,758,758,758,759,عملية,ʿamaliyyah,process
708,709,742,760,760,760,760,761,ممارسة,mumārasa,practice
709,710,743,761,761,761,761,762,منفصلة,munfaṣilah,separate
710,711,744,762,762,762,762,763,الصعب,al-ṣaʿb,difficult
711,712,745,763,763,763,763,764,الطبيب,al-ṭabīb,doctor
712,713,746,764,764,764,764,765,الرجاء,al-rajā’,please
713,714,747,765,765,765,765,766,حماية,ḥimāyah,protect
714,715,748,766,766,766,766,767,ظهرا,ẓuhran,noon
715,716,749,767,767,767,767,768,محصول,maḥṣūl,crop
716,717,750,768,768,768,768,769,الحديث,al-ḥadīth,modern
717,718,751,770,770,770,770,771,ضرب,ḍaraba,hit
718,719,752,771,771,771,771,772,طالب,ṭālib,student
719,720,753,772,772,772,772,773,ركن,rukn,corner
720,721,754,773,773,773,773,774,حزب,ḥizb,party
721,722,755,774,774,774,774,775,تزويد,tazwīd,supply
722,723,756,775,775,775,775,776,الذي,alladhī,whose
723,724,757,776,776,776,776,777,حدد,ḥaddada,locate
724,725,758,777,777,777,777,778,عصابة,ʿiṣābah,ring
725,726,759,778,778,778,778,779,حرف,ḥarf,character
726,727,760,779,779,779,779,780,الحشرة,al-ḥasharah,insect
727,728,761,780,780,780,780,781,اشتعلت,ishtaʿalat,caught
728,729,762,781,781,781,781,782,فترة,fatrah,period
729,730,763,782,782,782,782,783,تشير,tushīr,indicate
730,731,764,783,783,783,783,784,راديو,rādyū,radio
731,732,765,784,784,784,784,785,وتحدث,wa taḥaddatha,spoke
732,733,766,785,785,785,785,786,ذرة,dharrah,atom
733,734,767,786,786,786,786,787,بشري,basharī,human
734,735,768,787,787,787,787,788,التاريخ,al-tārīkh,history
735,736,769,788,788,788,788,789,تأثير,ta’thīr,effect
736,737,770,789,789,789,789,790,كهربائي,kahrabā’ī,electric
737,738,771,790,790,790,790,791,توقع,tawakkaʿa,expect
738,739,772,791,791,791,791,792,العظام,al-ʿiẓām,bone
739,740,773,792,792,792,792,793,سكة حديدية,sikkah ḥadīdiyyah,rail
740,741,774,793,793,793,793,794,تخيل,takhayyala,imagine
741,742,775,794,794,794,794,795,توفير,tawfīr,provide
742,743,776,795,795,795,795,796,توافق,tawāfuq,agree
743,744,777,796,796,796,796,797,وبالتالي,wa bi-ttālī,thus
744,745,778,797,797,797,797,798,لطيف,laṭīf,gentle
745,746,779,798,798,798,798,799,امرأة,imra’ah,woman
746,747,780,799,799,799,799,800,نقيب,naqīb,captain
747,748,782,801,801,801,801,802,الضرورة,ad-darura,necessary
748,749,783,804,804,804,804,805,خلق,khalaq,create
749,750,784,805,805,805,805,806,الجيران,al-jeeran,neighbor
750,751,785,806,806,806,806,807,غسل,ghasal,wash
751,752,786,807,807,807,807,808,خفاش,khuffaash,bat
752,753,787,808,808,808,808,809,بالأحرى,bil-ahra,rather
753,754,788,809,809,809,809,810,الحشد,al-hashd,crowd
754,755,789,810,810,810,810,811,الذرة,adh-dhura,corn
755,756,790,811,811,811,811,812,مقارنة,muqarana,compare
756,757,791,812,812,812,812,813,قصيدة,qaseeda,poem
757,758,792,813,813,813,813,814,سلسلة,silsila,string
758,759,793,814,814,814,814,815,جرس,jaras,bell
759,760,794,815,815,815,815,816,تعتمد,ta‘tamid,depend
760,761,795,816,816,816,816,817,اللحوم,al-luhum,meat
761,762,796,817,817,817,817,818,فرك,fark,rub
762,763,797,818,818,818,818,819,أنبوب,anboob,tube
763,764,798,819,819,819,819,820,الشهيرة,ash-shaheera,famous
764,765,799,820,820,820,820,821,الدولار,ad-dollar,dollar
765,766,800,821,821,821,821,822,تيار,tayyar,stream
766,767,801,822,822,822,822,823,خوف,khawf,fear
767,768,802,823,823,823,823,824,مشهد,mashhad,sight
768,769,803,824,824,824,824,825,رقيق,raqeeq,thin
769,770,804,825,825,825,825,826,مثلث,muthallath,triangle
770,771,805,826,826,826,826,827,كوكب,kawkab,planet
771,772,806,827,827,827,827,828,عجل,‘ajjal,hurry
772,773,807,828,828,828,828,829,رئيس,ra’eess,chief
773,774,808,829,829,829,829,830,مستعمرة,musta‘mara,colony
774,775,809,830,830,830,830,831,على مدار الساعة,‘ala madar as-sa‘a,clock
775,776,810,831,831,831,831,832,منجم,manjam,mine
776,777,811,832,832,832,832,833,ربطة عنق,rabtat ‘unuq,tie
777,778,812,833,833,833,833,834,دخول,dukhool,enter
778,779,814,835,835,835,835,836,جديدة,jadeeda,fresh
779,780,815,837,837,837,837,838,إرسال,irsaal,send
780,781,816,838,838,838,838,839,الأصفر,al-asfar,yellow
781,782,817,839,839,839,839,840,بندقية,bunduqiya,gun
782,783,818,840,840,840,840,841,السماح,as-samah,allow
783,784,819,841,841,841,841,842,طباعة,tiba‘a,print
784,785,820,842,842,842,842,843,ميت,mayyit,dead
785,786,821,843,843,843,843,844,بقعة,buq‘a,spot
786,787,822,845,845,845,845,846,دعوى,da‘wa,suit
787,788,823,846,846,846,846,847,التيار,at-tayyar,current
788,789,824,847,847,847,847,848,رفع,rafa‘a,lift
789,790,825,848,848,848,848,849,ارتفع,irtafa‘a,rose
790,791,826,849,849,849,849,850,وصول,wusool,arrive
791,792,827,850,850,850,850,851,سيد,sayyid,master
792,793,828,851,851,851,851,852,المسار,al-masaar,track
793,794,829,852,852,852,852,853,الأم,al-umm,parent
794,795,830,853,853,853,853,854,الشاطئ,ash-shati’,shore
795,796,831,854,854,854,854,855,تقسيم,taqseem,division
796,797,832,855,855,855,855,856,ورقة,waraqah,sheet
797,798,833,856,856,856,856,857,مادة,maadda,substance
798,799,834,857,857,857,857,858,صالح,saalih,favor
799,800,835,858,858,858,858,859,اتصال,ittisaal,connect
800,801,836,859,859,859,859,860,آخر,aakhir,post
801,802,837,860,860,860,860,861,أنفق,anfaqa,spend
802,803,838,861,861,861,861,862,وتر,watar,chord
803,804,839,862,862,862,862,863,دهن,duhn,fat
804,805,840,863,863,863,863,864,سعيد,sa‘eed,glad
805,806,841,864,864,864,864,865,الأصلي,al-asli,original
806,807,842,865,865,865,865,866,حصة,hissa,share
807,808,843,866,866,866,866,867,محطة,mahatta,station
808,809,844,867,867,867,867,868,أب,ab,dad
809,810,845,868,868,868,868,869,الخبز,al-khubz,bread
810,811,846,869,869,869,869,870,تهمة,tuhama,charge
811,812,847,870,870,870,870,871,السليم,as-saleem,proper
812,813,848,872,872,872,872,873,العرض,al-‘ard,offer
813,814,849,873,873,873,873,874,قطاع,qita‘,segment
814,815,850,874,874,874,874,875,الرقيق,ar-raqeeq,slave
815,816,851,875,875,875,875,876,بط,batt,duck
816,817,853,877,877,877,877,878,سوق,sooq,market
817,818,854,878,878,878,878,879,درجة,daraja,degree
818,819,855,879,879,879,879,880,أهل,ahl,populate
819,820,856,880,880,880,880,881,كتكوت,katkoot,chick
820,821,857,881,881,881,881,882,عزيزتي,‘azeezati,dear
821,822,858,882,882,882,882,883,العدو,al-‘adu,enemy
822,823,859,883,883,883,883,884,الرد,ar-radd,reply
823,824,860,884,884,884,884,885,شراب,sharaab,drink
824,825,861,885,885,885,885,886,تحدث,tahaddath,occur
825,826,862,886,886,886,886,887,دعم,da‘m,support
826,827,864,888,888,888,888,889,الطبيعة,at-tabee‘a,nature
827,828,865,889,889,889,889,890,مجموعة,majmoo‘a,range
828,829,866,890,890,890,890,891,البخار,al-bukhaar,steam
829,830,867,891,891,891,891,892,الحركة,al-haraka,motion
830,831,868,892,892,892,892,893,مسار,masaar,path
831,832,869,893,893,893,893,894,السائل,as-saa’il,liquid
832,833,870,894,894,894,894,895,تسجيل,tasjeel,log
833,834,871,895,895,895,895,896,مقصود,maqsood,meant
834,835,872,896,896,896,896,897,حاصل,haasil,quotient
835,836,873,897,897,897,897,898,أسنان,asnaan,teeth
836,837,874,898,898,898,898,899,قذيفة,qadheefa,shell
837,838,875,899,899,899,899,900,الرقبة,ar-raqaba,neck
838,839,876,900,900,900,900,901,الأكسجين,al-uksujeen,oxygen
839,840,877,901,901,901,901,902,السكر,as-sukkar,sugar
840,841,878,902,902,902,902,903,الموت,al-mawt,death
841,842,879,903,903,903,903,904,جميل,jameel,pretty
842,843,880,904,904,904,904,905,مهارة,mahaara,skill
843,844,881,905,905,905,905,906,النساء,an-nisaa’,women
844,845,882,906,906,906,906,907,الموسم,al-mawsim,season
845,846,883,908,908,908,908,909,مغناطيس,mighnaatees,magnet
846,847,884,909,909,909,909,910,فضة,fidda,silver
847,848,885,910,910,910,910,911,شكرا,shukran,thank
848,849,886,911,911,911,911,912,فرع,far‘,branch
849,850,887,912,912,912,912,913,مباراة,mubaaraah,match
850,851,888,913,913,913,913,914,لاحقة,laahiqa,suffix
851,852,889,915,915,915,915,916,تين,teen,fig
852,853,890,916,916,916,916,917,خائف,khaa’if,afraid
853,854,891,917,917,917,917,918,ضخم,dhakhm,huge
854,855,892,918,918,918,918,919,شقيقة,shaqeeqa,sister
855,856,893,919,919,919,919,920,الصلب,as-sulb,steel
856,857,895,921,921,921,921,922,إلى الأمام,ila al-amaam,forward
857,858,896,922,922,922,922,923,مماثل,mumaathil,similar
858,859,897,924,924,924,924,925,التجربة,at-tajriba,experience
859,860,898,925,925,925,925,926,النتيجة,an-nateejah,score
860,861,899,926,926,926,926,927,تفاحة,tuffaaha,apple
861,862,900,927,927,927,927,928,اشترى,ishtara,bought
862,863,901,928,928,928,928,929,أدى,adda,led
863,864,902,930,930,930,930,931,معطف,mi‘taf,coat
864,865,903,932,932,932,932,933,بطاقة,bitaaqa,card
865,866,904,933,933,933,933,934,فرقة,firqa,band
866,867,905,934,934,934,934,935,حبل,habl,rope
867,868,906,935,935,935,935,936,انزلاق,inzilaq,slip
868,869,907,936,936,936,936,937,الفوز,al-fawz,win
869,870,908,937,937,937,937,938,حلم,hulm,dream
870,871,909,938,938,938,938,939,مساء,masaa’,evening
871,872,910,939,939,939,939,940,حالة,haala,condition
872,873,911,940,940,940,940,941,علف,‘alaf,feed
873,874,912,941,941,941,941,942,أداة,adaa,tool
874,875,913,942,942,942,942,943,الكل,al-kull,total
875,876,914,943,943,943,943,944,الأساسية,al-asaasiyya,basic
876,877,915,944,944,944,944,945,رائحة,raa’iha,smell
877,878,916,945,945,945,945,946,الوادي,al-waadi,valley
878,879,917,946,946,946,946,947,ولا,wa laa,nor
879,880,918,947,947,947,947,948,ضعف,da‘f,double
880,881,919,948,948,948,948,949,مقعد,maq‘ad,seat
881,882,920,949,949,949,949,950,تواصل,tawassul,continue
882,883,921,951,951,951,951,952,جدول,jadwal,chart
883,884,922,952,952,952,952,953,قبعة,qubba‘a,hat
884,885,923,953,953,953,953,954,بيع,bay‘,sell
885,886,924,954,954,954,954,955,نجاح,najah,success
886,887,925,955,955,955,955,956,شركة,sharika,company
887,888,926,956,956,956,956,957,طرح,tarh,subtract
888,889,927,957,957,957,957,958,حدث,hadath,event
889,890,928,959,959,959,959,960,صفقة,safqa,deal
890,891,929,960,960,960,960,961,السباحة,as-sibaaha,swim
891,892,930,961,961,961,961,962,مصطلح,mustalah,term
892,893,931,962,962,962,962,963,العكس,al-‘aks,opposite
893,894,932,963,963,963,963,964,زوجة,zawja,wife
894,895,933,964,964,964,964,965,حذاء,hithaa’,shoe
895,896,934,965,965,965,965,966,الكتف,al-katif,shoulder
896,897,935,966,966,966,966,967,انتشار,intishaar,spread
897,898,936,967,967,967,967,968,رتب,rattab,arrange
898,899,937,968,968,968,968,969,مخيم,mukhayyam,camp
899,900,939,970,970,970,970,971,قطن,qutn,cotton
900,901,940,971,971,971,971,972,الولادة,al-wilaadah,born
901,902,941,972,972,972,972,973,حدد,haddad,determine
902,903,942,973,973,973,973,974,رابعا,raabi‘an,quart
903,904,943,974,974,974,974,975,تسعة,tis‘a,nine
904,905,944,975,975,975,975,976,شاحنة,shaahina,truck
905,906,945,976,976,976,976,977,الضوضاء,ad-dawdhaa’,noise
906,907,947,978,978,978,978,979,فرصة,fursa,chance
907,908,948,979,979,979,979,980,جمع,jam‘,gather
908,909,949,980,980,980,980,981,متجر,matjar,shop
909,910,950,981,981,981,981,982,امتداد,imtidaad,stretch
910,911,951,982,982,982,982,983,رمي,ramy,throw
911,912,952,983,983,983,983,984,تألق,ta’allaq,shine
912,913,953,984,984,984,984,985,الملكية,al-milkiyya,property
913,914,954,985,985,985,985,986,عمود,‘amood,column
914,915,955,986,986,986,986,987,جزيء,juzi’,molecule
915,916,956,987,987,987,987,988,اختر,ikhtar,select
916,917,957,988,988,988,988,989,خاطئ,khaati’,wrong
917,918,958,989,989,989,989,990,رمادي,ramaadi,gray
918,919,959,990,990,990,990,991,كرر,karrar,repeat
919,920,960,991,991,991,991,992,تتطلب,tatatalab,require
920,921,961,993,993,993,993,994,إعداد,i‘daad,prepare
921,923,963,995,995,995,995,996,الأنف,al-anf,nose
922,924,964,996,996,996,996,997,الجمع,al-jam‘,plural
923,925,965,997,997,997,997,998,غضب,ghadhab,anger
924,926,966,998,998,998,998,999,مطالبة,mutaalaba,claim
925,927,967,999,999,999,999,1000,القارة,al-qaara,continent
